code,system
N330A00,readv2
N330.00,readv2
N330100,readv2
N330D00,readv2
7230PT,readv2
N330400,readv2
7230A,readv2
7230B,readv2
N330900,readv2
N330z00,readv2
N330700,readv2
58EM.00,readv2
585O.00,readv2
58E4.00,readv2
58EG.00,readv2
58EA.00,readv2
N331600,readv2
N330300,readv2
N331400,readv2
N330200,readv2
N331B00,readv2
7230PM,readv2
N330600,readv2
N331200,readv2
N331900,readv2
N331A00,readv2
N330B00,readv2
7230D,readv2
N331800,readv2
N331300,readv2
NyuB100,readv2
NyuB200,readv2
NyuB000,readv2
N330800,readv2
N330C00,readv2
N330500,readv2
N331500,readv2
N330000,readv2
NyuB800,readv2